<?xml version="1.0" encoding="UTF-8"?>
<!--This is an index of files for the file system.  Do NOT modify by hand.-->
<FileSystem>
  <Header>GORFS1.0</Header>
  <Path Name="\" FullPath="\">
    <Path Name="Images" FullPath="\Images\">
      <File>
        <Filename>0_HardVacuum</Filename>
        <Extension>.png</Extension>
        <Offset>0</Offset>
        <Size>26913</Size>
        <CompressedSize>0</CompressedSize>
        <FileDate>12/12/2007 9:38:25 AM</FileDate>
        <Encrypted>False</Encrypted>
        <Comment>
        </Comment>
      </File>
    </Path>
    <Path Name="Shaders" FullPath="\Shaders\">
      <File>
        <Filename>Blur</Filename>
        <Extension>.fx</Extension>
        <Offset>26913</Offset>
        <Size>2349</Size>
        <CompressedSize>0</CompressedSize>
        <FileDate>12/12/2007 11:16:02 PM</FileDate>
        <Encrypted>False</Encrypted>
        <Comment>
        </Comment>
      </File>
      <File>
        <Filename>Cloak</Filename>
        <Extension>.fx</Extension>
        <Offset>29262</Offset>
        <Size>2095</Size>
        <CompressedSize>0</CompressedSize>
        <FileDate>12/12/2007 9:36:13 AM</FileDate>
        <Encrypted>False</Encrypted>
        <Comment>
        </Comment>
      </File>
    </Path>
    <Path Name="Sprites" FullPath="\Sprites\">
      <File>
        <Filename>base</Filename>
        <Extension>.gorSprite</Extension>
        <Offset>32752</Offset>
        <Size>120</Size>
        <CompressedSize>0</CompressedSize>
        <FileDate>12/12/2007 9:35:32 AM</FileDate>
        <Encrypted>False</Encrypted>
        <Comment>
        </Comment>
      </File>
      <File>
        <Filename>Mother</Filename>
        <Extension>.gorSprite</Extension>
        <Offset>32872</Offset>
        <Size>122</Size>
        <CompressedSize>0</CompressedSize>
        <FileDate>12/12/2007 9:35:32 AM</FileDate>
        <Encrypted>False</Encrypted>
        <Comment>
        </Comment>
      </File>
      <File>
        <Filename>Mother2c</Filename>
        <Extension>.gorSprite</Extension>
        <Offset>32994</Offset>
        <Size>124</Size>
        <CompressedSize>0</CompressedSize>
        <FileDate>12/12/2007 9:35:32 AM</FileDate>
        <Encrypted>False</Encrypted>
        <Comment>
        </Comment>
      </File>
    </Path>
    <File>
      <Filename>SomeText</Filename>
      <Extension>.txt</Extension>
      <Offset>31357</Offset>
      <Size>1395</Size>
      <CompressedSize>0</CompressedSize>
      <FileDate>12/12/2007 9:46:35 PM</FileDate>
      <Encrypted>False</Encrypted>
      <Comment>
      </Comment>
    </File>
  </Path>
</FileSystem>